college_id,faculty_phd,faculty_other,frac_research_phd,frac_research_other,research_budget_million,centres_of_excellence_count,teaching_load_per_faculty,diversity_index,industry_collaborations,student_count,num_courses,papers_t1,citation_percentile_avg,overall_rank,cost_efficiency
C001,167,71,0.671368915804633,0.36261987876008006,582.8808475987222,14,4.4195694551098,0.1104824388459757,92,7364,223,19,0.6255598613849717,362,34.519327577265415
C002,223,16,0.49410023694688426,0.11632283877283431,3026.3515722233196,12,7.992522468598197,0.5216377360861622,18,7218,252,11,0.8395785506405812,74,212.5939006614516
C003,124,13,0.8005820195728606,0.5342757531601444,2835.455274888738,0,10.387454390142823,0.08184931860473818,22,647,229,10,0.714215739509707,375,233.52153844041572
C004,46,15,0.6775792836064418,0.1323434467575658,4148.4601375196735,4,15.0,0.04107380006997503,82,8858,171,10,0.8626024372493983,156,304.45124888327035
C005,111,67,0.41931376666517756,0.5779122418603762,1546.6933930369369,12,4.57511737469186,0.6153453006416716,24,8995,55,17,0.7377129187131443,105,88.17529477644608
C006,40,31,0.3387700079064517,0.11257097913863637,2480.233964907706,12,5.066768058593928,0.4083887949207964,15,5438,55,10,0.7420700383539328,395,199.68551597900742
C007,52,35,0.32557992557221965,0.44722522806535436,1880.228525146752,6,3.624201955901243,0.06343274573768858,53,3240,98,10,0.6812091753445899,378,159.17828648750884
C008,73,12,0.5228451405900845,0.14110353185589083,273.85841729855656,7,4.519422667276881,0.03233455709476045,72,8096,219,10,0.674818498525709,125,23.310700133018344
C009,127,50,0.4595106819925881,0.5553382897175698,3262.2357483682067,9,4.96709381806004,0.949293425766949,0,1690,183,17,0.8574032567798333,69,166.64588532657208
C010,36,69,0.6876540740775049,0.33221661811277137,2206.0177747240127,0,12.001159455009057,0.021899328461447223,41,7876,80,10,0.6662455351562832,451,189.15551727521893
C011,176,23,0.599600300987171,0.1687618874085077,4619.533933855213,6,4.8922604193767825,0.4421229899575035,18,5043,193,10,0.8937585251590299,10,331.44435355673374
C012,196,21,0.45961156680322846,0.2704078498949233,2100.2989110485155,12,3.0443257017016685,0.44576365941297036,96,9097,34,22,0.8694054983819448,195,87.05209065621459
C013,103,21,0.3895426667701057,0.18241233767338103,777.0969881681063,4,14.373293000550388,0.08865345040145865,33,7898,187,10,0.6561463006275354,407,67.21441635425484
C014,196,22,0.3763198576124698,0.185290955778545,208.70676785900474,9,7.089417459744955,0.16052398922793099,79,3891,219,10,0.6404938340857552,85,18.299684015942855
C015,157,34,0.8187962352842506,0.5740541600857211,1460.5724030255324,0,8.085030873445334,0.2733362745196266,54,1457,113,10,0.6773738362746576,372,124.05341090701883
C016,194,54,0.4460867810429203,0.32262305614239406,1040.5507183802383,2,7.487337599623927,0.584002385249193,17,8192,231,10,0.6785560914416207,389,88.2903008127027
C017,166,28,0.6910263887465811,0.49440113195267976,2295.6108476669733,6,15.0,0.35617713353331365,33,3325,119,10,0.6291350725084892,496,203.30701822652966
C018,161,64,0.7864115567917598,0.4198027805888409,1729.3717013756932,9,4.331740905982583,0.6263966303225474,88,2560,84,15,0.8197375903754947,31,99.98643135284955
C019,63,54,0.6684487867108417,0.43821318116919616,3543.3639575286716,0,14.94362789752432,0.7980111326005025,44,8837,192,10,0.816765674697851,317,269.0960150021941
C020,175,17,0.8157391389881674,0.16584671923601926,3237.9388518042615,6,13.733713858900707,0.5796209357494083,5,2828,48,10,0.7067296578522055,409,268.32346671310773
C021,192,62,0.5354362329170848,0.21709222340774284,1885.3534646833505,4,4.9581672772024925,0.3064033012940053,20,6826,175,11,0.7017192884629742,491,148.23228897451457
C022,178,64,0.8737333143893691,0.49337516757721844,2815.800804911157,0,15.0,0.3146565609135194,69,7581,229,10,0.7061628105738265,492,233.45113779221498
C023,198,41,0.37988700250685814,0.5853831032373915,2950.5925972028494,0,6.650002014985094,0.5146100440320984,95,6530,87,10,0.7513625770064197,281,235.79038173423913
C024,120,60,0.36128971779452285,0.23133782129932587,1954.333326073503,13,4.70843175870619,0.5229583862563012,47,3214,200,15,0.725496590266478,357,123.04987373415352
C025,58,53,0.6952152877244662,0.23578438237551994,847.385972739539,0,13.085694262071746,0.4778327512693845,38,716,157,10,0.8147003354202174,77,64.45468597744666
C026,88,79,0.8656986848479571,0.3364485664054524,1445.9817439563947,10,13.034477328591661,0.4661351564516298,30,3744,149,17,0.6999396297968352,462,85.56624615589885
C027,88,27,0.7853300769817969,0.5919201564277189,1687.383557100977,8,12.015828444348582,0.01650104167433499,9,6513,22,10,0.6394504529169416,498,148.0874883836635
C028,192,31,0.34585011566283086,0.23447947291323554,3589.2760689224515,10,4.873442610851662,0.37512361082135265,29,1303,166,10,0.7860533592512469,212,279.0923131690402
C029,203,46,0.46762062836082985,0.3034859548171319,2212.2951761719446,12,8.625259130565983,0.26200055361851415,17,2665,150,13,0.794278763645151,102,144.352698895251
C030,104,65,0.8581913309026943,0.5457400078117534,3286.751536387235,2,13.485905704243198,0.10323600954499484,59,3274,42,10,0.7145171973760082,335,270.6220664053449
C031,79,68,0.4518350596804708,0.10146051631068101,2088.115829171826,14,7.850918811100384,0.07111890143552774,87,3181,48,13,0.5981320060731973,476,163.4441323106788
C032,77,12,0.7687022542721516,0.11988298249428478,501.1301444658387,12,7.3986611574690855,0.48134493055663446,72,2730,200,15,0.7227649910682236,337,31.634058615379175
C033,68,37,0.7950793175572224,0.40203583853560965,3220.233532019505,4,3.804358832733804,0.38509298758518734,94,3261,64,10,0.7241491440805943,441,263.05892117729525
C034,171,44,0.5972712620765891,0.5536900823564235,2270.9943554360043,10,4.9585509949370286,0.227209336090334,14,4421,27,10,0.780863083398555,174,177.301882212914
C035,63,70,0.5318093459089893,0.21942833020096383,1956.7575001036964,9,13.388289158647975,0.47038378615675597,3,8961,15,10,0.8302767088449904,3,147.09402089755045
C036,131,63,0.5700746594518558,0.33482088734035453,2416.1197823641705,11,9.077373729967547,0.39368720839538907,62,6369,240,19,0.7153154875944866,334,129.96183786708093
C037,67,72,0.43617881661921853,0.3252326508289092,366.55904755249156,8,15.0,0.14705787442695617,39,7199,115,10,0.5909382769500224,410,33.60034708629847
C038,169,16,0.8336345496773065,0.3364856730477551,3004.448303409877,5,7.424764648703793,0.6246502676942465,8,7476,75,20,0.7982798626588921,71,143.30373073223473
C039,79,58,0.5703717940378548,0.4112598478648726,2074.2376869787226,11,12.13509926284454,0.6827958220265556,8,4178,41,19,0.8581336318882935,210,97.36130344836253
C040,125,40,0.82947566427366,0.33487188149534186,1931.2464722490542,8,5.917452567781519,0.7614862644910984,25,5901,200,17,0.7992461898699192,64,103.90204049625326
C041,119,67,0.36341608794376445,0.32373407066122895,3298.3603275764403,7,8.268603491144761,0.46338260726249714,3,4251,59,10,0.7128765301218407,385,271.9452677714112
C042,51,70,0.892965162600079,0.33714421021563024,2418.3661264391267,7,4.852183329663594,0.48303193632205915,80,9011,269,14,0.8035015130871059,94,148.83149570489797
C043,114,33,0.565963852466171,0.39543372063552074,670.1249005218795,0,8.455698566043237,0.043218487078972134,15,2700,46,10,0.635446858237188,486,59.01860537641247
C044,187,29,0.3286984922364633,0.3685037441756792,1954.964597591231,12,9.855570731400224,0.2558179980775295,14,6275,231,10,0.7602261550401138,186,155.12807679578776
C045,143,46,0.32281310894247295,0.5270679988252521,4475.413160933627,8,15.0,0.09142097118076732,98,766,18,10,0.79840974029526,34,344.6841949842361
C046,205,13,0.7477243544891032,0.12474842674683331,826.9043095896695,5,10.943239504402152,0.91920529511436,51,383,134,11,0.8381149124892587,78,58.15380510663372
C047,165,29,0.6954213205222085,0.5166585357365062,1070.5712364024962,8,4.590197407308082,0.1350801462257607,68,5940,188,13,0.7962902989960778,1,69.73599561107527
C048,151,69,0.7812783348765526,0.521962306305862,65.5516565912935,2,2.62858691704287,0.15077168469577412,4,3665,201,10,0.6428982108403072,12,5.735563847203605
C049,150,33,0.36322052037168356,0.24245401076548043,48.00542476453619,11,5.305960910395251,0.6676281434163714,19,4693,92,16,0.5518876177259695,416,3.471057412502972
C050,240,59,0.321342520221329,0.33142597750792535,4073.9930058111804,2,9.401393969255025,0.931443460488593,78,1565,238,10,0.9729355408923593,23,276.5900402771871
C051,105,58,0.6051475736685471,0.3192692442687177,3449.591592461025,5,12.23566142892658,0.732678924510513,17,8421,85,10,0.9270559959209705,73,241.727837052027
C052,149,60,0.5325571388896617,0.20925491717706515,1516.7682821660587,8,14.954908612745381,0.004813523206682346,1,4834,90,10,0.7067845113318143,183,125.68675417387854
C053,118,45,0.5771681620025735,0.29839842354315826,3125.177451555816,6,2.7307513361590714,0.001240242001467601,92,6357,37,10,0.8288219734903035,132,235.18405880564862
C054,182,75,0.8949530453221646,0.12219388608542722,1326.9990632943611,13,10.4391684134506,0.2849015820442515,12,7466,203,19,0.6857851532267669,411,73.59983943476814
C055,160,43,0.8824499746024022,0.23891103639086722,4027.4132482782893,12,8.894822725089675,0.12675690924209357,3,3772,55,10,0.7997005384819855,194,309.8723997592705
C056,206,45,0.8653892338039157,0.508341087725359,4622.116956056218,2,10.74915616744768,0.017778183543378137,41,7482,270,17,0.7739019752598177,56,254.5732559846843
C057,71,15,0.7703056060606044,0.24228115088144878,1731.5041328700302,2,9.867711480794936,0.4227749839745247,73,6687,149,10,0.7728322716991891,149,136.0355304755535
C058,209,48,0.5129048161541343,0.5091033343741238,4209.625974666645,1,11.003653246149401,0.9328564179560745,60,1092,77,10,0.8797422053405012,19,305.10235595987785
C059,161,51,0.547278558157663,0.3657997323022154,3233.5301456044235,8,11.372708872280556,0.2841046290426542,94,6958,64,12,0.8074087191775422,205,220.1341915565078
C060,140,67,0.6297696262313548,0.53993133868058,1453.7327356196517,12,3.8337776736543026,0.6301372878971705,7,2221,190,18,0.8385946526719501,79,72.34407403281375
C061,151,21,0.7983206738429041,0.38738977713220757,701.2334375742201,14,14.376292796883034,0.4585253745067339,66,2323,63,13,0.5674539594566557,495,56.65662275065737
C062,213,12,0.34122769951096066,0.11483411153236991,1810.408937525232,2,4.6521236847130245,0.21153121358885074,62,4622,165,10,0.7284371383312302,263,147.37497597838671
C063,196,27,0.5545781315309328,0.4377101037735446,2895.380487965487,10,12.375487306075495,0.5241202255552623,8,3288,168,14,0.7938959520139635,324,179.67499475454963
C064,127,49,0.34957059807556123,0.12242678401178433,2942.1016503841315,4,9.345761522814861,0.1506762731362489,93,3337,65,10,0.6775022730566601,484,249.85953044037655
C065,83,30,0.6087945519441069,0.325298509491567,3576.342258686156,13,8.996692816028839,0.11621267269157387,10,4236,153,23,0.8338341171065919,80,147.91607823455692
C066,141,24,0.8393404944037413,0.564713347236557,4142.495542550786,13,13.899186812134738,0.6849380261587915,98,443,168,20,0.8876780052010597,40,182.05922605573667
C067,168,35,0.7694909547383628,0.18260196966892508,1925.4667403641024,8,15.0,0.08268221479097097,41,4804,136,14,0.6754375644034922,452,133.19382754853294
C068,185,17,0.43670545052586596,0.2949361764707721,4023.174590200653,7,12.816500710990333,0.9693393844880865,12,4923,105,10,0.8881283116678883,47,289.8272844364551
C069,217,51,0.8855945097592755,0.46493015442423924,3174.0135534397564,1,9.585836761563465,0.15720289926220052,35,5020,219,10,0.7247287748743859,239,259.16052750253203
C070,76,53,0.700410238827857,0.5411292780474238,1294.5684931323724,2,13.138251800276905,0.4544768517317432,12,3301,47,10,0.6586321775433815,392,111.73248233768314
C071,45,23,0.3062566196384418,0.435471502371254,1981.5132428296429,1,10.078483365031095,0.32431814908559653,11,5571,108,10,0.7370540416123118,353,160.1800063841222
C072,145,11,0.4532480908111317,0.2290866270955846,2924.0244622951564,7,14.671612539105974,0.10047593941548726,36,988,256,10,0.7220345329901376,342,239.27510911991178
C073,207,46,0.45642797995194995,0.4373039264581081,179.89266901501557,5,8.346306272909462,0.02320697627544335,73,9633,98,10,0.5850362735384869,278,16.579415214235663
C074,52,78,0.341552583771516,0.248363820552045,3101.293249190926,5,15.0,0.5141597200493934,72,7227,255,10,0.7602268676918092,291,246.09007542198762
C075,66,47,0.8758959108455575,0.45921461490936766,664.0396571051333,11,15.0,0.653004769567992,51,3820,74,10,0.6864574170353183,318,55.96826717678703
C076,141,50,0.5869531767455543,0.5770165637925203,1946.675639100308,14,12.859270926620706,0.6881242219688382,70,2983,214,25,0.7897897573538679,305,78.67026809025003
C077,138,71,0.8374887584231292,0.4606967255531441,3173.3200476410098,8,6.706554790882123,0.404937594849709,1,4312,28,10,0.7619582279371635,269,251.4599910987718
C078,78,69,0.49332930206677705,0.5314402514562062,1199.6152904991718,7,3.988049760524784,0.7452043085237174,55,7061,99,10,0.7681279594425519,70,94.5973378764161
C079,51,23,0.3751401422596963,0.10105192158794171,781.2502411663176,3,14.934792145800746,0.4887917552897745,59,2515,123,10,0.6717741663250862,456,66.67242405731402
C080,127,11,0.5846016659437283,0.4587860623657972,1263.5535437609328,14,6.012657174703317,0.5217825704127022,22,9409,80,12,0.6680079846118101,466,97.07623251141224
C081,108,79,0.3683739808285903,0.5147937784326252,3921.101967019291,11,13.72262472590324,0.44699164241370226,39,3101,239,17,0.8216175985252997,155,206.7274093888944
C082,124,26,0.591609301786524,0.12027936877234072,3.0022386882275587,3,8.708602401889946,0.6021854300017336,63,1838,187,10,0.529046311055831,83,0.29174961864905535
C083,130,37,0.8521783087316448,0.5357988636441153,2783.6908730557852,8,9.197061836799945,0.5745223900635645,84,1464,30,19,0.7153127215992321,478,149.73372067003683
C084,123,75,0.6124608851005277,0.22834711415502293,663.733351146488,0,14.430858882362608,0.35674024076996413,22,2808,159,10,0.7241505595058985,173,54.21991159440301
C085,167,44,0.6698998361370501,0.43264605098902764,3676.6206990823116,12,11.136635919316198,0.6504362793173867,28,1024,13,11,0.7480280709840349,322,277.93580872650193
C086,229,14,0.39398306218428497,0.5001774395117033,4429.8430756037615,1,9.856703535572104,0.5599838673275304,77,251,126,10,0.848721118625744,91,328.44766901236585
C087,68,74,0.3262413755279817,0.43133225652967777,2116.92846387061,1,9.985400165888713,0.14794780730460896,89,8877,275,10,0.7750981313966182,181,166.02082708347575
C088,185,49,0.3664847773078842,0.14614239603662862,1713.1605454369344,12,8.484522345528458,0.018540324905359343,50,8144,24,10,0.6184288838516633,415,153.17563505129846
C089,129,65,0.6591189454106194,0.39816075943018414,1805.9575548957757,12,13.463861347882661,0.2947100392821969,68,1012,194,10,0.7266194854597778,313,147.23046358739708
C090,163,45,0.3570070193953828,0.37479182836107183,2469.4721520802154,5,6.400608229118876,0.45532463735462697,94,2421,62,10,0.7629950648642384,279,195.5250832548315
C091,199,54,0.5255957339647869,0.5501606340371358,315.703137938158,14,15.0,0.6474526843540721,88,595,94,10,0.6384192481308828,382,27.731711182545112
C092,160,32,0.6300551642748937,0.3021198648221046,101.98500959958737,3,15.0,0.0913093829301082,30,2248,25,12,0.5375601109921441,473,8.906426647151157
C093,110,56,0.5331916791779082,0.26054054854352504,205.46222013489376,12,7.83814603738089,0.6260532227167722,49,656,187,10,0.6288276151842221,363,18.201381448429817
C094,45,40,0.39821028087918087,0.4749253822182331,1645.1864759299947,10,12.781626202200407,0.6949038771739715,19,1652,230,15,0.7884854932394091,325,97.76899424162144
C095,209,20,0.46427478450846393,0.3063376630416983,902.2172160089526,9,11.17935643766433,0.11164161111063778,54,2220,261,11,0.6042018583845504,432,77.46867067168387
C096,73,19,0.8569905197091463,0.42304808750253153,2245.3494853302477,12,7.780222489116302,0.6739370675215152,80,3185,219,10,0.7558381589312153,348,178.7929017255821
C097,172,76,0.7055893653518133,0.4232250450623035,4620.134167394725,2,15.0,0.9401920406877939,1,3604,237,10,0.8916562139433479,87,331.9881822180261
C098,107,23,0.5976287032079319,0.5440195321800589,1816.0634374672138,2,2.6286866984322446,0.6940655370630966,24,256,48,10,0.7919982397628392,76,140.56237706644032
C099,104,19,0.3076289339921361,0.39934620115954866,1862.0981575092744,2,7.039909420120814,0.5781189078935182,12,9026,147,10,0.7356753444869717,439,150.69477317137708
C100,152,10,0.8954492402936822,0.3510768049809935,2053.6106426671336,5,8.821083034925918,0.9854475948053365,91,7605,135,14,0.9415691614876691,16,112.94765303774017
C101,164,14,0.702872960936786,0.1694356631982585,3390.906853980892,13,9.783385037205298,0.5148410713389953,69,7262,233,21,0.7894653072922009,250,157.14086695552186
C102,144,29,0.490153486406967,0.1578688033393527,2945.440786813102,7,11.3916009161761,0.22773720160761052,66,5623,58,14,0.7195073237025452,434,195.4103861890469
C103,120,17,0.827561195998703,0.1771607826415397,4320.086185652277,10,11.847942540907168,0.8279638485966297,57,7643,180,10,0.8993203286448394,20,308.72746555722733
C104,128,52,0.45505897217509084,0.18592424066354726,3614.3737498848636,6,11.395792959075502,0.4955292121656922,98,8155,110,10,0.7484051768341144,323,289.51928564175876
C105,165,10,0.626409947509651,0.41893854633181693,101.69088269840076,13,11.134320309509771,0.46518928303436885,81,4754,180,10,0.5236665771645357,333,9.93398485081689
C106,66,66,0.681642458237895,0.47049062513728923,4010.737992003852,3,2.9201369156651538,0.2450963223825035,74,6350,204,10,0.8139877489926829,57,305.23404765976903
C107,213,73,0.43263802287223707,0.36499576146320933,2852.1016084534886,10,8.10130656691218,0.619466565087226,83,7346,90,16,0.7319374110807837,302,170.67212322841192
C108,156,37,0.8870383672803577,0.5145088662727455,934.1978794512091,11,5.934560287457714,0.0704237050152293,63,254,200,10,0.7443719486493046,230,75.07384592406058
C109,89,46,0.7489151435873986,0.5956316133668166,3512.9273431525085,3,6.776464757438908,0.7403557959852226,68,8050,265,10,0.7817564749650479,332,274.0713553444933
C110,193,56,0.6346879353066419,0.510006314559678,663.2565949688019,10,9.735445282656949,0.29996652881354846,82,1096,214,12,0.7125421729565194,133,48.9469980880691
C111,184,46,0.40835675890518053,0.4474411868379796,3024.8952546829214,9,5.142667290477695,0.11725052808123573,85,4726,123,10,0.8125575331336404,138,230.4581078028018
C112,89,58,0.3323149241988157,0.3662463497185733,743.6865706130936,14,7.516729094782794,0.32986891175833677,58,3005,183,22,0.6101494639333515,424,40.36665780158336
C113,72,53,0.4920358995125901,0.32442653583735415,1578.110681514797,10,6.424786581466904,0.03391635037821335,59,9469,47,14,0.6627824792105674,336,110.52004251584816
C114,158,65,0.7519124015480417,0.14219619027227118,3524.0145868534373,10,14.430738662638134,0.6743362214052724,82,253,50,19,0.8741185594185448,26,163.0865136282098
C115,196,37,0.46159877898121504,0.2996843741973455,1769.2716796051518,13,15.0,0.6508886626417618,61,7953,258,12,0.7331905479458224,465,128.22401317319287
C116,87,15,0.6237337322973031,0.5550673183910672,1656.4776908802573,10,11.055492766758693,0.6958175732672136,15,6581,24,16,0.7725492902923274,282,95.41488723717214
C117,219,70,0.736768306038446,0.5040113149532764,1309.1639271640229,1,15.0,0.10845548951503943,87,5699,277,11,0.715916980067473,248,101.68194975758868
C118,192,29,0.3647662287878786,0.2080256825058436,3400.835618746749,13,13.165464190688049,0.10827939793266224,67,1816,254,22,0.763553675791145,238,156.01465275627734
C119,177,11,0.7111788096695241,0.3333038923486079,652.4076417085801,0,10.138260352175017,0.7562169465936395,14,886,70,10,0.7750763754312703,118,51.1661618299465
C120,167,46,0.35512253262602683,0.5083616012792723,2078.6630054234174,8,2.251994422805038,0.9009163911161435,88,4468,70,10,0.8636317383648012,43,152.43580410617648
C121,166,29,0.879077845276198,0.13369227739276127,3721.9666646010373,11,12.924475246086361,0.39973955173928016,54,8196,104,11,0.7634404288587504,221,277.8033887610601
C122,202,35,0.5930364780389639,0.29369629283432963,3632.708728493755,14,11.837759262293382,0.44617417308000473,34,4372,27,19,0.8113981681621956,177,177.92947509940913
C123,99,38,0.3904056646259264,0.5259206184369738,1490.9202805483449,11,11.280862622931902,0.25703327190069647,54,3867,24,15,0.6729741478986755,321,98.77168482162337
C124,190,10,0.5054301816201279,0.3019489320850619,3347.791421005369,1,12.498742504777944,0.8120070642925474,13,8934,247,10,0.8443720645162285,154,249.02268571089877
C125,112,44,0.548049869577157,0.13880732236572044,3353.823390054799,12,9.593839845478769,0.5553402372828163,48,6094,247,14,0.783633725690649,232,209.9962579704407
C126,50,79,0.7549110066459225,0.3712671842661257,3635.800778647154,7,12.062902166455967,0.24891303527338493,82,7316,85,10,0.85513002795745,228,268.2990343094453
C127,97,68,0.7460542716459657,0.5308712474591477,1812.7763478442675,14,15.0,0.2238775861466627,99,8957,43,23,0.6823639811095157,418,87.59755482813168
C128,207,78,0.6671643032023986,0.39514277147657983,856.6155655513011,8,7.6990924605081394,0.7824343727638561,6,3526,43,10,0.7113798341481412,204,70.71403546631473
C129,188,42,0.36355842753509576,0.2131395541071159,1148.2812163258498,3,11.710593873748211,0.012601226102935594,29,3883,200,10,0.7263127315440935,127,93.63689920107153
C130,48,60,0.39094162295260415,0.2921198100686907,1089.0779118059802,7,9.502578908691563,0.25889267948391453,82,5527,155,10,0.7018414551323807,330,90.61743603161202
C131,213,21,0.356254152387334,0.3250616805909661,2895.6294419291235,8,10.891443970575748,0.5440249835504126,48,7111,211,16,0.8998134378453209,32,149.28221899628986
C132,174,29,0.6463036699725301,0.38963317691026345,150.06803234545688,9,12.37051917382998,0.13814817960399975,88,8152,200,10,0.6205549290842589,114,13.392295946446431
C133,174,62,0.8262830649068424,0.4796755128763065,1982.2830255412025,9,4.474650040735488,0.066074857722351,15,3801,203,12,0.6121904637169497,471,160.55703678395196
C134,203,52,0.560280307352863,0.1494368088203177,1426.5172562821783,4,11.491978116021983,0.6824467404740018,50,9361,278,10,0.7761511672805195,272,111.78278035211841
C135,174,59,0.3965089043746477,0.5448260165087832,1311.1679366654398,12,5.5087576417792565,0.8191238589426209,71,2449,199,11,0.7561467776550059,141,98.45366310376026
C136,214,38,0.6348253950893803,0.1061548515080378,4196.670778831039,13,10.938879905326022,0.7953826336325601,81,7111,159,26,0.8681602670208307,58,152.2067811201273
C137,68,66,0.787051330119426,0.2850261673371276,1946.479046211728,6,8.857831495295889,0.7950400291183674,91,7155,22,10,0.7928691248518963,193,150.55499499492694
C138,167,48,0.7450272369077581,0.11371015498632883,467.0093856874059,9,12.152378029013073,0.5451311971272688,79,1312,154,14,0.75462613637616,25,30.004266585813482
C139,227,65,0.828870467805013,0.2964871126726456,4077.573289285314,3,3.6723468702178437,0.8039564848840277,82,7065,65,10,0.9131294451440504,18,288.54917030404516
C140,47,52,0.4667412583493207,0.36290629943666186,188.35540651014614,0,11.20431482002753,0.3228574885873079,41,9444,208,10,0.5986576228539395,266,17.144140503104392
C141,74,59,0.4163723203606649,0.35584069329075585,3441.7586273068273,2,5.884648534174413,0.6398307800015135,16,6804,273,10,0.8475485546421808,67,255.40887676739257
C142,199,32,0.8278898915651633,0.18281417351413268,3224.5391680444905,4,13.922433273967027,0.8651815491072329,62,7533,209,10,0.8272774820345585,209,242.94386152785893
C143,182,53,0.6945361876668139,0.4228702550478062,1086.4713732897644,2,15.0,0.16072356769547488,44,2611,23,10,0.6376800427338638,480,95.49885138873982
C144,132,47,0.4865573580045325,0.12238922525233412,3813.3595737794935,11,15.0,0.36786533177122394,76,243,289,14,0.8338644597420634,95,228.69954099942268
C145,164,32,0.7454088303435056,0.48095341006620773,2055.7900379495713,12,13.362124287666907,0.407030150981758,6,7467,201,10,0.767147931991102,254,162.23757195572705
C146,135,54,0.7890710306882208,0.5733222169967731,1822.9582210144792,10,12.864675180093117,0.11594407246253643,26,3328,102,10,0.7459239971072823,267,146.31375792158457
C147,125,61,0.6689869442046794,0.2698844135755589,223.76793144201338,6,4.893694234015638,0.07991803649269427,9,4682,286,10,0.6932343803952695,24,18.753057665660645
C148,123,59,0.7127304659279492,0.35861969085716594,1192.667547492327,11,7.257871325989651,0.7189822993937283,33,6131,208,18,0.7735750109932787,223,63.022906203986736
C149,173,17,0.5251559426655998,0.2894551390294072,3681.1821563570843,8,9.09996522727837,0.8235218289550411,35,4343,130,10,0.7678766144729742,262,290.3423025818063
C150,99,10,0.6232174004058235,0.10335519515202998,1290.5142651712538,14,13.761368450828565,0.30107002744202266,24,9649,271,10,0.6708278580905943,427,110.22237438694413
C151,94,17,0.6144955024356974,0.292937251447558,2722.998163176057,11,13.914596326173912,0.0873863597331463,5,2813,260,14,0.8320788110125937,6,163.55224093752844
C152,171,38,0.8088286746784632,0.4958601296306733,2413.180093245398,5,4.923738160018239,0.061222082790712624,23,4285,267,10,0.7978070310717583,117,185.94290487489033
C153,80,14,0.8039783881693097,0.3979944210917409,2846.0596666720894,12,14.171138022154224,0.8672043871501504,17,9649,277,10,0.8495880537183437,46,210.88358472281323
C154,115,56,0.799608281608226,0.15062995730757947,303.6483609632369,9,11.10724873711578,0.45935270985053994,86,7428,196,10,0.7100519322499007,17,25.09382885729959
C155,169,43,0.30661896855747944,0.5235697448468926,1140.63988078065,0,11.79172290571913,0.23113796570959128,5,4733,202,10,0.6292480877244273,463,101.0087945403723
C156,55,74,0.749727290681333,0.3655426724426214,2581.142439867078,6,6.028798250112107,0.3741987418812037,28,3292,271,10,0.7481311236885992,358,206.80058295790533
C157,234,64,0.755205834066603,0.5208616808723381,1001.1872265083574,14,2.733849474615149,0.317729999130778,24,400,219,16,0.815594863982119,4,55.468918133257425
C158,143,52,0.7070272937130851,0.3901107593925147,840.6730376594841,2,10.263791175593198,0.4249417077622927,54,823,81,11,0.707195725534696,219,65.78472289338575
C159,192,39,0.7537587947348716,0.37984422241897,34.74202752816125,4,12.092950376261573,0.650265610894832,80,5794,144,10,0.5424192505147979,406,3.3328267403929783
C160,218,26,0.8051822228980252,0.1526295925985062,2082.739021601922,9,4.980639803534795,0.5709357905428216,45,3110,219,22,0.8295793678448645,61,89.5772984362836
C161,120,35,0.5821914324610714,0.18367986656931398,4024.5973384545664,3,9.674812439257988,0.6487147457505846,23,5655,115,10,0.8476691663588493,111,298.63392581194665
C162,126,17,0.6012301280930683,0.5860126282482956,194.06083638874088,9,14.408963334109849,0.2949520740043652,74,167,129,10,0.5962160045204193,319,17.70279174802233
C163,62,56,0.3748284341468343,0.2142433733773854,628.2739802624759,4,14.571288152638708,0.5484775121763492,25,2606,17,10,0.6733971161558291,429,53.543167237428264
C164,76,55,0.5312255298284171,0.5887260589951839,1515.0546788322763,4,14.171849812551724,0.6549947028383893,97,1637,55,10,0.835100872695532,30,113.47866740386607
C165,142,77,0.6860191079470707,0.3659563532621317,2377.179905432856,5,8.50801853025147,0.088150017981927,27,497,95,10,0.749091484872515,438,190.31271401833916
C166,196,42,0.7682398656883648,0.16789452353196857,1994.0254392931713,13,8.022419994264148,0.4104896764718329,2,5780,101,19,0.6616569518513257,472,113.48077695594628
C167,212,10,0.4303254586147264,0.14965110137684648,2036.9465505043952,9,11.846746494584181,0.25273027131734094,74,9455,154,10,0.8250233974947944,27,153.72910050914007
C168,185,28,0.38269373949554125,0.20443203535287,3774.2877520889183,11,7.632517378485514,0.8007116998816278,37,4925,35,17,0.8752968982090408,8,189.8530572343881
C169,137,40,0.6978252027002954,0.5628186650126679,1941.538550675977,9,4.953763894886198,0.309935835559811,60,8847,208,16,0.6571214347302329,454,125.14797535494806
C170,111,23,0.3011279301149464,0.30707511216411343,4092.433601247131,12,6.109280430179423,0.930099461885132,77,6148,26,27,0.875054809998132,109,142.95972190220752
C171,198,62,0.4070235505843979,0.29771713399645716,3968.999741709104,12,7.589866305095732,0.09044281296677441,50,3761,174,13,0.832075483407921,38,250.93282152694982
C172,239,57,0.3174428282063722,0.256603130535087,1105.636067305752,10,6.431972048225345,0.706691781908372,89,3041,88,10,0.8621196241292705,158,81.17026197405573
C173,92,78,0.40013107071292253,0.1735309252832942,825.638011636528,5,8.27859226199454,0.4756415245028091,47,7167,73,10,0.6355477210265866,490,72.70835001897707
C174,162,71,0.40879156795530314,0.3439255985962032,568.2874604393509,7,6.292032672050647,0.7130510177592205,20,5191,256,10,0.7182159464382418,119,46.64915626009337
C175,144,75,0.5326041568502365,0.16502389125556935,1531.4622312521715,7,2.9964030010353433,0.28645260309411646,53,1701,167,19,0.7790507475886218,115,77.33890514399576
C176,203,73,0.5413962748119336,0.5177401181911638,4296.637076776206,10,10.983633916328975,0.4402852294774386,55,1580,45,11,0.7563538474226402,176,322.5729587763116
C177,36,79,0.8245574823661428,0.2851984931376532,1422.578481260441,8,11.25979144455502,0.6178926813327605,93,6330,194,10,0.7129176107343341,374,117.28566463794458
C178,170,72,0.6060658274992952,0.2874017838908982,943.1550517547607,7,11.219436382026455,0.20723673381121085,58,9394,201,10,0.7196008509706012,182,77.33309229853069
C179,131,42,0.7340428593673718,0.337003214241578,3372.5542406660074,12,5.077182957054391,0.20646479177608743,71,3376,256,20,0.8204236948612285,145,157.53361294488306
C180,201,50,0.36248241475217247,0.32206385658287584,1910.3854284033464,10,7.3224669567939715,0.4288037778846137,50,6547,174,11,0.746325645648324,370,144.62118586590842
C181,206,57,0.43526325327821636,0.5974289865296608,514.7458369569856,1,11.618133302789,0.40080418312706395,19,5599,40,10,0.6251139182951252,391,45.750552773978235
C182,151,22,0.7217660645872062,0.3726905606091513,1606.4378927612297,13,10.576721516231483,0.2491715795929798,95,6373,87,24,0.7415017442298618,196,70.4700360931145
C183,167,40,0.33168237628111685,0.14410085189493535,1401.6191744145272,13,10.20153249855939,0.2256773161688939,85,1399,210,10,0.6512232782150514,405,121.75041983060919
C184,99,77,0.5919585973462519,0.40343867078846496,2938.4659876825826,11,7.657576658950202,0.2319088386283257,58,5918,157,14,0.7182199799667808,276,195.18103141424982
C185,166,13,0.6596213793977603,0.17579214643493998,66.36533334462142,9,15.0,0.5609310142145316,70,6801,11,11,0.5363313322437352,455,6.088761188753011
C186,205,28,0.6612873864314887,0.11546882236567099,1193.715451440858,11,6.982143410406011,0.5966395296640797,8,5094,171,10,0.7363669242248536,142,96.55025769872192
C187,144,79,0.3137596867608252,0.5853710768386241,1831.1177561673985,10,9.385974885387677,0.6497524908583036,0,7589,197,14,0.7213479062492759,366,121.27514660315406
C188,176,22,0.4932648025375113,0.486769445767282,1272.7302795578694,14,11.08401687655301,0.9361804273739179,28,9827,200,10,0.7974673000170641,68,98.09343784934931
C189,99,32,0.6818943906294925,0.5900544962068834,2613.536770069627,0,9.9009619680014,0.41429986608133484,62,8369,233,10,0.7965756661225056,211,201.57225207577585
C190,80,10,0.38939984168954606,0.3389392240111212,2085.321878509712,9,7.182864386123786,0.059957665728425556,71,2931,207,10,0.8066392861995895,169,159.59430429915747
C191,182,63,0.717249388996832,0.36612876557448804,1094.2152513590993,1,9.639334179742242,0.0338380965644602,55,2821,143,10,0.5801553471060037,494,101.30165575634703
C192,176,24,0.7475551252882048,0.18416847795956512,3319.412384926384,1,13.831256644119629,0.2290070895360337,67,1632,155,10,0.6725319069787321,376,283.0978300180784
C193,183,74,0.8891815142676873,0.2234537133337928,2147.5652285587594,11,7.218885434151613,0.708285369468094,34,8529,264,19,0.732509305672202,401,113.52161527976246
C194,103,24,0.42590519691384565,0.5192746074514141,508.72768371000876,2,4.9394984778200435,0.4376535654205274,2,5353,165,10,0.6784979366397723,273,43.16746494784148
C195,88,30,0.7950784005996692,0.27809282355879705,2556.1705998388693,9,6.5079953712820915,0.25397605701034914,6,2096,75,10,0.80302311295416,110,196.17231455270394
C196,171,28,0.6121779461511925,0.5134074868982095,3127.796869646676,6,14.03793277729462,0.3396517453895369,26,5411,92,10,0.758662050857112,249,248.50172192899103
C197,113,69,0.5240775576865041,0.4545068621435159,3130.958595220489,1,3.738028617781805,0.5464129687832215,0,377,219,13,0.8135879631181936,146,201.00341842532242
C198,163,42,0.3734260543951068,0.18858546263593276,797.7572530251788,13,15.0,0.61683460690617,90,3189,9,10,0.7809412616141355,93,62.278987876455126
C199,193,58,0.7413033638925226,0.35372318305987105,4269.708022952479,0,9.642256122933361,0.1398539193097578,79,623,139,10,0.8323576388607229,153,320.46260691712143
C200,175,44,0.44151455948621227,0.43869366075935845,1584.2784729333493,13,15.0,0.7614581543254888,70,4375,179,17,0.6759243304840984,368,96.07094693476499
C201,45,53,0.5228532011238275,0.21751860740191256,497.997160786333,5,15.0,0.39182114682188957,43,5465,135,10,0.603563971060435,468,45.12626126311448
C202,234,20,0.33752533613842106,0.5153442552600385,841.7991506656987,8,8.21924361540324,0.1289174979264922,86,3222,113,10,0.742802781840384,84,67.73392874283194
C203,176,75,0.7808201494917115,0.37241382877259344,395.43640702853423,14,5.5623478977252505,0.7620076158292183,40,8267,135,10,0.6714232297105749,246,33.756920385319255
C204,89,55,0.7599531143829861,0.1826210252213016,3486.3763154723056,2,4.804824740637381,0.0672344183771608,74,5290,113,10,0.8327995555328533,166,261.5829440368062
C205,88,18,0.7401694980253875,0.3914922130823012,531.1923955023103,5,5.7731683435359,0.8187809989442856,41,4675,180,10,0.724472409407221,164,43.38132827014581
C206,59,12,0.479666106295132,0.599856902077957,526.5622979827616,2,12.029319517719745,0.8773372601357715,32,7827,148,10,0.7357025321543751,200,42.6123831813091
C207,174,35,0.40408804455957437,0.17526074583170678,3475.2957919295563,13,6.462177586819964,0.6044207068472758,49,1897,79,21,0.8214162582436019,229,156.1948845085908
C208,207,57,0.6825319586821379,0.508378465059764,1621.4297175174001,12,6.735121691228623,0.7361708116394355,62,2231,115,18,0.8040984077080646,75,83.26223458788341
C209,40,75,0.5976998304679317,0.20365450159377899,95.76877087610715,0,9.749956115256646,0.240370518332341,99,7422,118,10,0.45789194491444435,479,9.997867858118475
C210,142,79,0.4069514801427849,0.4911941647300436,185.6895260434555,13,15.0,0.7389208327266702,36,6600,24,10,0.6108932892767981,359,16.71533421219432
C211,90,37,0.7115467626299183,0.46728896156070665,569.0827959239215,12,5.464118440519031,0.45009763853696966,58,915,194,16,0.7223617819453236,251,34.369492975559794
C212,158,35,0.8946758590927824,0.2502446928002162,965.8995202882867,11,2.5422990917430717,0.6799911168509963,80,8734,254,22,0.7667127265034898,120,44.170187282591876
C213,47,34,0.7483317526452227,0.26291155878222494,2499.5484656797007,4,4.023738304856092,0.7518792237674939,98,6766,120,10,0.7493143235571883,311,200.0736258720468
C214,161,21,0.7439918320113672,0.4962606959814596,598.7327927311333,9,14.960359235428708,0.7998820925185882,47,242,160,10,0.7351489395920802,300,48.4745421008798
C215,203,14,0.8701876517583551,0.3307227559436563,473.5781029122056,13,11.439758131140072,0.7054686185613125,4,1510,196,10,0.6909079296073154,256,39.76613902204523
C216,56,57,0.4217618205449413,0.4654090143559044,2738.7518941822586,12,6.9683657266121894,0.23852760870248774,47,634,50,10,0.7098708815477907,355,226.36728728263688
C217,104,46,0.6393299789528643,0.1739920736829174,2282.3496203345344,10,5.902700909939071,0.7346923307178453,95,3464,172,16,0.7463250500654279,400,134.72183271645662
C218,58,53,0.8877880290203302,0.5262788909507767,1784.5069845077812,3,6.727271183496915,0.5431534623879785,2,1132,50,10,0.7891217029918177,226,138.42812361053763
C219,213,24,0.3991764665821047,0.45544235834115954,1969.6922608049508,6,4.907189713585279,0.7331373896872854,46,3442,260,12,0.8193179780992249,354,132.80182923699343
C220,138,52,0.7201511756667127,0.5534714044174169,1267.8768153904005,5,15.0,0.5809896494372627,61,9702,82,10,0.773324821061815,235,99.57214329122466
C221,167,57,0.6514860875831412,0.16618618951748623,1674.1230175990459,9,13.725742390996965,0.2366786712109494,98,6185,172,18,0.7257543174791149,383,92.67948155385048
C222,178,79,0.6518874553132242,0.39650725018029886,1977.3221427653152,6,9.1092816926486,0.30907058449444025,13,4600,11,10,0.7227112229037675,275,161.716201317712
C223,164,55,0.7186023765120451,0.39956029252016256,1880.9075208074419,4,13.388802443651933,0.5385577586806725,62,1272,221,11,0.7944110273860469,37,136.90756665615712
C224,47,52,0.8577701537254105,0.2767303702733912,3820.7628352139272,14,6.028527798096588,0.6969229123339881,60,9180,79,16,0.8285639474910329,197,209.27633173052035
C225,163,30,0.7695491639108027,0.3292332122846289,72.23533633658927,14,11.87968161859543,0.29140966077742514,30,4617,58,10,0.6077942670964779,140,6.520645437705473
C226,111,32,0.333681662049726,0.11899078164492674,2769.8869790738586,3,14.588640322850008,0.4528641454090342,94,8107,70,10,0.7075503575623215,365,229.38065992257427
C227,197,56,0.8116368119254267,0.472930019313506,500.9775852362277,6,7.615949162926191,0.29492409271509373,16,1741,97,10,0.6689665935425353,245,42.85645013327736
C228,116,24,0.43532479795543955,0.37466123970158705,2584.5682468381838,6,13.606556828935483,0.6004651349147793,23,571,168,10,0.7375393715196424,440,208.8473551887445
C229,165,34,0.5261484988418232,0.1288705259345869,2373.840348945021,5,6.982233125606363,0.38647705079141703,22,3040,145,10,0.7608122029157574,287,188.27866223496824
C230,234,45,0.5770396881674293,0.44037794648024275,4017.1273101230404,7,6.121615704259184,0.07400139592042818,81,8838,15,10,0.8357831477977723,60,300.7319950656545
C231,112,60,0.5885436004518418,0.33339103861559394,445.01068571006726,3,3.836633100763537,0.15497126102996292,49,4826,271,19,0.705564362059105,112,24.177843414932003
C232,223,24,0.5611082395532141,0.1172306297125,2595.916828824318,9,8.077468031475892,0.05783513931212892,77,7770,12,18,0.7723779372197065,90,137.32973076444807
C233,54,77,0.8624119765295188,0.5848038634240477,1630.1153838469195,4,13.233749774446448,0.3684235365179851,78,3823,134,10,0.6684609413929574,437,139.5096169756098
C234,143,30,0.7236114045984148,0.5745560715447202,3514.275706940601,3,14.246918568619089,0.1059537159149069,78,463,239,10,0.7962044477648292,7,271.12047894918175
C235,73,22,0.6787023875740239,0.35645120807359876,1900.8638406119283,11,11.292246666621335,0.0894363286574472,69,3409,90,18,0.7459558457242998,361,103.1552977027411
C236,207,28,0.3299052166697649,0.1468362103529551,1954.1283279680933,0,14.607535537658796,0.745295135004342,26,645,24,10,0.7509334753690304,347,156.21360899240605
C237,178,43,0.842347998156225,0.47731061079929593,1566.417904530238,11,14.047139859610628,0.6953259653250493,14,3340,56,12,0.7306661957685656,339,113.77241047594295
C238,221,77,0.8456341152050377,0.34596555005286456,1349.2012422244754,7,4.886726221744784,0.40914290004010595,49,6765,138,10,0.7329818874649232,159,109.42587688765691
C239,183,61,0.7681278380580614,0.25122373914469,2121.838795378702,0,8.916828980673827,0.8969050414148165,35,2036,213,10,0.9139374463088598,151,150.0659594890741
C240,191,36,0.3042175222881715,0.3457090887642784,509.15751842709625,4,4.2294247995054395,0.00016667918095928354,7,9254,219,10,0.6394293398765374,178,44.685308742555804
C241,170,38,0.334368150646574,0.3612220727027322,3293.065032190035,14,12.443141400902459,0.46891296750659395,78,982,197,16,0.7286233639682773,394,197.6870096617564
C242,168,37,0.43513422136109386,0.38135584951116963,3045.4372422744045,5,15.0,0.5482381264882483,2,3940,211,10,0.8190614924890973,185,230.87909544896192
C243,73,44,0.378809644886944,0.32061185682766324,3048.30694860405,5,5.5817621534206285,0.3339609323715436,61,7023,260,17,0.727840367209216,450,175.45943272016552
C244,76,17,0.5393016178222376,0.40287765156952837,1125.3167158565245,12,11.580560860753678,0.3945615121751688,46,9162,32,12,0.8234498430164786,11,75.61901825821506
C245,150,25,0.8535738348526738,0.5593673553031887,3057.512101547645,4,11.742142053466562,0.35134770973954693,76,4711,12,10,0.786351797254875,381,237.68864070252752
C246,130,45,0.583236260518199,0.2811340435492956,3710.23609340883,2,9.9996911324079,0.3892644892362694,97,9157,157,10,0.843692150469016,104,276.12248029533936
C247,153,39,0.30804157585929937,0.4628582316099745,3166.226891679559,14,7.396212349545604,0.6949193969155261,87,5304,263,10,0.819628974339242,82,239.93311402282114
C248,250,27,0.4696474137472572,0.5472262784121161,3030.3146533464624,4,6.769016030018,0.13226314647890444,95,7388,175,10,0.8092283793813618,39,231.45806347234472
C249,86,11,0.32675694502377695,0.3279896378799685,1184.876604028261,11,3.8467564913136783,0.16032937173404707,60,3303,173,14,0.696513318263347,315,80.32415613399483
C250,189,58,0.3217725735681013,0.32172791819095203,3535.757622381101,7,5.502151884630884,0.16239405355783357,31,2344,62,16,0.8506558030840231,168,189.9873179610965
C251,193,13,0.46543191185733135,0.4010584926773898,1565.1599230646107,13,4.077058988766826,0.18846334799388592,93,118,106,11,0.6155079858364074,470,132.9721118249659
C252,55,16,0.46536740320736725,0.39570337971124403,271.06270057581526,1,10.744795118057247,0.4317855779242594,12,741,141,10,0.673610556781344,297,23.096477703746245
C253,82,48,0.7722759615609625,0.5032946711631385,970.3645490599549,5,5.275891665611212,0.07951759729514317,0,3183,148,10,0.6277060595454205,475,86.04764875087307
C254,73,22,0.8849007916686673,0.3382416918891463,3934.300144538423,8,14.142839296735007,0.764824092636335,33,5300,260,13,0.8581859040497762,199,243.51316289819164
C255,151,40,0.522724256333999,0.5980614748197206,3240.881656863188,7,9.991240030586194,0.24426551439547656,61,8621,265,12,0.7484824232677018,298,231.79305870674335
C256,44,72,0.5573321273166232,0.1297357844336404,3272.375138409027,13,12.763303487101886,0.12188720423004105,78,965,220,16,0.6812114673725937,417,205.817737709449
C257,163,65,0.806873661771613,0.10158392429035087,2772.812280545997,10,7.926312534607817,0.6163182768118645,77,873,242,13,0.841094326235107,147,174.0161234438559
C258,65,51,0.46088341205730804,0.42009915577981194,849.1928601126577,7,10.85867980158277,0.029110450999159064,92,4832,246,10,0.6556068556335195,393,73.48458136717427
C259,156,70,0.3938290826420688,0.24921745618093835,718.8866796671532,7,14.843747657279623,0.565177755834183,97,3618,250,16,0.7729868050767424,148,41.39195176676565
C260,102,51,0.8118537740421903,0.2201911943497419,600.2211811828943,14,4.867125681440386,0.5105663474025145,81,6895,78,14,0.6394747893152175,448,43.018445103226895
C261,169,65,0.3279003518640393,0.2559495400021402,76.96203245117968,12,6.451491636210455,0.1778337390973474,70,7084,178,13,0.536312676727212,288,6.4284677499864635
C262,223,45,0.6718196641196494,0.22802378255247716,1761.358995578869,6,12.632834221780964,0.03886091851363408,92,2667,73,10,0.7088730615449869,124,145.70255981449233
C263,54,77,0.6371957084800841,0.11539502483022393,675.3622159132175,7,4.758533589274255,0.2831915560643249,30,1774,166,10,0.6761596912161442,369,57.42096255780504
C264,126,16,0.5075522685010165,0.5857665211952944,1900.4278896326641,12,3.3683638898315973,0.09290382176304314,63,839,30,15,0.7847534422147585,97,113.31427525387821
C265,73,63,0.4891137126584154,0.21037274422639088,4139.141121025745,5,7.273184476387672,0.10646402251705218,24,1645,112,14,0.7705868989047264,144,262.1664770576913
C266,106,10,0.7631146357089729,0.4670148812946532,1740.7401255620982,1,4.156099291804947,0.2177271025979772,37,9427,224,10,0.7183053434698081,240,142.88208903396614
C267,114,53,0.3518547664575279,0.4812981973470877,2834.613903883047,1,11.377562834852986,0.21695280076802526,13,5227,205,10,0.684786997802802,443,239.25092941936936
C268,95,54,0.4420705855868312,0.5646286990036147,2792.480991361794,7,5.330355815726017,0.49906425500193496,7,7047,76,10,0.7797961178699285,98,218.1973325571227
C269,59,56,0.7394692391028539,0.11527472854668999,833.0285726595645,10,15.0,0.5123965964851416,90,6720,85,10,0.6445957541836652,408,72.77928208406531
C270,213,22,0.6289923502358545,0.5360241692235038,1605.8498141881091,0,12.67447900690016,0.54929315242159,53,9165,109,10,0.7579397858921344,123,127.65712891807743
C271,194,31,0.37679292512015183,0.3636130904199001,358.8271719949307,5,11.829634613160925,0.13203772703461808,1,4655,46,10,0.6497648664460992,184,31.208743845518477
C272,138,30,0.8292813685692362,0.416272054982914,1397.8938459972264,12,10.829891594475479,0.15118740807060407,80,5745,21,21,0.7066695279672993,203,70.45814578410017
C273,139,18,0.536068707938155,0.42223513856051686,2719.927236354328,5,14.2110264383268,0.7488029759758461,77,9043,180,10,0.7492930689707997,247,217.71730780473115
C274,123,35,0.7967210251933038,0.5098989024923638,273.1046578956932,10,6.122251689835398,0.4559690749271068,88,7224,260,15,0.6978313590474926,306,17.65671121943543
C275,158,18,0.7726278093166252,0.26670366107955523,782.2826918734223,3,14.544803733490069,0.7140812351801471,55,9145,20,10,0.7523272090109557,299,62.466317608098755
C276,173,24,0.6746552678830369,0.4665255949299967,1371.0332715363058,11,13.67021350676719,0.29314200702732374,93,3832,119,15,0.671015515171029,352,91.00644486080016
C277,90,19,0.5966886787770558,0.3642890548610985,3390.9369499159275,10,13.273184931416665,0.47181980530597856,92,2383,60,15,0.7535245279609493,387,207.99634559253445
C278,51,51,0.8877305042290542,0.49669700715267384,2681.8893191648526,12,10.879490147639343,0.39930647256268414,83,9621,45,15,0.7371438976303338,396,167.02141447390133
C279,222,33,0.38697904342789025,0.5952730163850667,2832.728807010393,14,6.339450645724014,0.26463587191925336,84,8769,129,11,0.7857973038019497,285,207.62067493377518
C280,139,58,0.7350934365306689,0.20032550870188062,523.5381315834595,10,8.007124911902668,0.4346010905681448,60,7098,177,12,0.6989085843942094,126,39.10823370316432
C281,159,35,0.4147144208788734,0.597324320779999,2959.8117478536747,12,13.526839350687789,0.4112570623168718,21,5513,41,10,0.7914338961326043,303,229.1880178085214
C282,129,46,0.502957863199409,0.144906077141387,3224.6568970688495,9,3.3069078717955183,0.1738539843534285,34,1369,256,11,0.7514551129944732,224,243.07669075500127
C283,45,77,0.4852192460239172,0.10115877395240694,1998.720894120947,2,13.842010701831663,0.23584744513015415,15,7968,12,10,0.649230879179457,419,173.91813345182823
C284,210,59,0.868221592643234,0.12208096808891564,4082.521344155384,12,5.998675137360409,0.6872101100093638,49,2703,217,21,0.844180657931641,220,179.62682067187546
C285,69,33,0.8804137066729651,0.2708912023683808,1458.7071522158558,10,4.393053677517112,0.8447641816046788,42,6061,19,12,0.8472025056247817,130,96.17999395533148
C286,78,28,0.40980926654083627,0.41645316533921706,3121.8944702603135,2,5.187483869810862,0.26894428234949236,16,9761,115,10,0.7922304930003463,421,241.58959931457653
C287,183,69,0.3132210961785025,0.13451477044392482,3514.172824573433,14,3.5125667886271295,0.25363661714384406,79,8669,181,21,0.7229241978419885,290,174.12921822098932
C288,113,48,0.7320048237978679,0.10283290726478364,37.60947962566481,14,10.586183426115362,0.1430924304617127,57,7657,113,13,0.48798373005621926,445,3.3154249708019483
C289,164,27,0.5507939603222907,0.5685455142293974,1572.6348597684698,12,6.344392373074595,0.5251168122902895,1,1780,158,10,0.700284603350881,377,131.02183060401543
C290,121,28,0.35330414705253865,0.5109633179699649,3745.9101357677237,12,15.0,0.2665734412345312,3,8533,71,17,0.786178569249545,292,203.96966287463363
C291,109,45,0.7102524633462255,0.5045915855695156,369.5226805050813,0,10.89052351772144,0.7769372627182995,84,9211,194,10,0.6194437995797147,356,33.0094892341907
C292,140,64,0.6270633169564199,0.5422121377509885,2093.7833408948945,2,4.970865215054989,0.26811887111797994,38,5782,37,12,0.6937014717157052,295,157.13882544285423
C293,46,78,0.8883100932006638,0.45001713638605223,3341.0256544370777,3,12.541087379245145,0.3003016532800706,97,8184,77,10,0.7045753886666364,397,277.3612748418604
C294,83,56,0.4364456975168274,0.15220206487404073,2020.8127252769252,10,15.0,0.48000736652540643,93,5467,229,10,0.7352282300367589,341,163.59832751043817
C295,212,58,0.542386725795929,0.2995500940368615,864.6062904592311,10,12.136231235396169,0.7477031463952571,5,169,73,12,0.7593346859573412,113,61.267382086057836
C296,46,42,0.6255274820372538,0.46157474323231473,2493.595466122891,4,3.7111530632522984,0.4189913059687589,80,4024,76,10,0.807102439520219,180,190.77276506638475
C297,207,30,0.775019993072011,0.24016723039576046,771.2465111326208,2,14.87695527734826,0.3446467738451446,88,6300,27,10,0.7125571968097905,308,63.604959268045434
C298,198,31,0.6293031940320353,0.44370318206811876,1698.9866237481917,5,14.052544942031245,0.7370513341281005,68,2107,214,10,0.7347145086865856,433,137.60157605627154
C299,131,57,0.6677400965171696,0.11224922413382618,226.25228417232938,10,6.009854508988217,0.007421254425423635,68,9092,187,27,0.5853157006608009,488,10.875671115425293
C300,62,46,0.4356882309539645,0.25306867043979664,1860.3725268923872,13,4.601072264949465,0.6362317794700139,19,8219,43,13,0.711136152976139,482,130.60039076583917
C301,75,24,0.8081512368531361,0.3745651681385863,1710.1798506266312,14,10.936420244617073,0.11130269254500645,63,2879,140,19,0.6335086209100074,423,100.38232079796359
C302,123,44,0.5571783281822855,0.4160449147531211,3009.8053301273853,11,4.962333282890642,0.6758327375175245,15,5020,51,10,0.8423524430825258,234,224.21870989527804
C303,125,41,0.3845757765130616,0.3885203322309554,2367.615875919656,4,14.096175369710481,0.5023944565724311,50,855,93,10,0.7334672447234355,312,191.94801370266757
C304,110,20,0.6985127487032505,0.4488781380367147,2387.158285670077,2,7.315665165990276,0.30814210223856076,36,6595,238,10,0.8080110719903325,165,182.50291123588596
C305,90,19,0.42965427191118455,0.10304437411991954,3073.1789703450854,5,14.412691961936202,0.802423856953368,72,6035,76,10,0.8890347138456033,137,221.2456564052928
C306,187,66,0.3585375061435798,0.15047059998876075,606.7769058580641,5,10.143525396149707,0.011378536250177094,68,9613,168,10,0.6893559715116443,198,51.01726652003643
C307,194,34,0.8171921450425634,0.5344721261395725,2361.4768061660347,14,5.408809131388231,0.19152861505969504,41,2430,131,17,0.6976644567176349,259,140.0614104991125
C308,202,11,0.5760973586930638,0.4408743220450806,701.1882224573043,13,4.744644995116279,0.48782317977865886,56,5805,212,17,0.6832401639691932,233,42.201909639946486
C309,160,73,0.7495702276174658,0.15646582134300566,4201.0852489466,7,9.955063531938176,0.327237234054278,65,8401,95,10,0.8660955537805768,116,307.524992473651
C310,53,44,0.4743525358838131,0.5210372186992897,309.64646842796014,1,12.385448878059467,0.5663422451550816,8,1116,254,10,0.7030654904948773,121,25.738122394366748
C311,148,16,0.7721820809505999,0.22111560891228346,1550.2768507200733,0,13.558371015838748,0.019051401324724104,99,7447,75,10,0.6818506099601903,350,131.17367268374917
C312,95,27,0.3671615562129182,0.3391299420976117,2854.553060668023,3,6.482641848919021,0.10077548333066827,85,8316,166,10,0.7781566762270153,225,223.33357981545464
C313,48,76,0.5135840242769116,0.17259825644233015,1552.5027190762312,6,6.266430310747957,0.09637919298328138,63,5038,53,10,0.6906822222718265,403,130.38766263882312
C314,210,51,0.8868370907841172,0.4550550282108533,314.554899687409,14,3.8090143231304303,0.144105926019022,85,2938,56,21,0.6002773656255944,398,17.866524598419762
C315,109,48,0.7763938298208037,0.43342721050713395,2485.6163339978425,10,11.338607001687345,0.4242602426151707,21,837,290,14,0.7969565068690666,128,153.83772783636542
C316,159,50,0.5983535581888129,0.2055562355830681,2475.5098120395974,9,4.137671928774283,0.6232569484193721,33,6300,270,12,0.7620489180633637,286,175.0146405198178
C317,86,33,0.5038664829371311,0.5317003834285009,2359.8069085768775,2,9.117190212135393,0.6817854537272308,54,8471,112,10,0.7614778830569716,412,187.0668475659912
C318,192,69,0.8232814200134859,0.30065301210985607,1706.7967047338582,2,10.250725847668711,0.7816341370535361,28,331,242,10,0.8348353037239017,108,127.86571496665279
C319,145,55,0.6269086554507095,0.2462575455353709,1982.7182455022973,4,15.0,0.15309117083960966,37,2017,131,10,0.6889771691311167,371,166.75831100703408
C320,80,28,0.7550550107214666,0.17616479473226773,1666.7720299660164,4,7.356032990845834,0.35495380104328433,96,8634,264,10,0.7497894271678854,326,133.3642287039541
C321,187,77,0.7524646081896984,0.23308400625776873,3002.322861316026,12,5.780104244069286,0.18346666238666018,17,6018,170,11,0.7881212368035821,134,219.6392997719437
C322,108,51,0.3107674071410951,0.1110134606119085,1860.8650244224118,9,12.315705252212265,0.19260332299971367,70,2723,229,13,0.6463524419132092,453,138.84377352404073
C323,180,41,0.3757522696755681,0.39162874622805777,2536.520083035555,2,10.226460122107383,0.490226700638225,64,8746,145,12,0.8117311588042088,45,172.07509587154337
C324,89,48,0.6957776198368454,0.521115373171974,788.0506565023799,8,8.16111455775512,0.049273262375133534,96,6501,79,10,0.5838895790149308,461,72.70580617802251
C325,115,45,0.39697188677152284,0.37449022472082094,10.512704841038675,3,14.325844903711392,0.20964847903802505,0,7172,176,10,0.5116662362074683,66,1.0391475434080586
C326,198,45,0.4532960067933628,0.20963698096193786,673.5915650609456,12,14.117478794439375,0.7762326585115776,87,2376,124,10,0.7534477975678228,284,53.73909997432488
C327,146,12,0.8679827725197644,0.11683458910693637,546.2707627293184,12,5.252454458971505,0.4422967225927746,3,7493,181,18,0.714168735013614,86,30.594770298433094
C328,195,17,0.6361093550249471,0.20731403662940143,1810.2825657967344,14,6.07879297040832,0.38058680295984915,3,8887,86,12,0.7542852903528787,243,128.8326814594863
C329,230,79,0.7504377041996084,0.30806071403554613,2605.187754021208,2,9.405395491495975,0.012938202376286189,81,3974,92,10,0.735323235540785,187,210.8911804674944
C330,68,50,0.634788443269584,0.47980571434989827,738.8699303006616,10,13.591507462779926,0.19043335239501125,26,4630,216,10,0.6365232955310837,384,65.01141975760352
C331,97,77,0.6315081688696351,0.19392142626888706,4096.90146785768,1,3.2097994811482335,0.7834825177530229,42,7264,24,13,0.8030764361727519,160,265.3434680969312
C332,145,22,0.35649114607541876,0.459895726677343,34.073024056040595,9,11.061453190935955,0.16344072817503907,58,4597,171,10,0.586741178535046,13,3.135339373260142
C333,128,58,0.5061979155654619,0.5334667341759418,3753.3875667006037,12,10.567347227089504,0.4063898456166558,31,8033,106,18,0.8451097934957591,36,185.7011661878754
C334,81,69,0.46945853921190706,0.3269734240541785,3056.2269699362155,10,5.121465695766642,0.014089664165031693,32,2235,164,11,0.8271412502517079,29,216.77592067455922
C335,113,11,0.534437019368168,0.5107159958212967,1613.788765808623,8,11.538951897588435,0.4294474865499179,27,6827,10,10,0.7748936244552689,171,126.58222888973627
C336,133,69,0.7790065129345971,0.37732867401754777,224.55096169261475,3,14.79151976283018,0.019226519258207432,54,1665,172,10,0.6050587773752013,143,20.320273119406462
C337,192,14,0.5231596007501189,0.41854541854045246,2136.725983014826,2,4.203406365394514,0.6234945618111777,99,408,92,10,0.7623360934472072,399,169.26759791679737
C338,209,53,0.5710180915390097,0.3631392301691013,1399.937079329316,6,7.526218201762744,0.6552545760158073,59,8634,176,10,0.7334568680570832,343,113.49704360027351
C339,93,36,0.5384288342911899,0.33158635837567085,3852.069350556905,7,8.58206885974879,0.6830782462493696,69,8727,229,10,0.8244484911626921,222,290.84327372937645
C340,219,41,0.35604478318517735,0.21732672088792468,2504.0045394717163,10,14.071146189067056,0.2671799487239902,61,8468,154,12,0.8003780244917036,96,171.4538886467425
C341,122,30,0.5646432949504703,0.251597029730523,4506.242383390902,13,14.713807623554308,0.8115664177432734,79,238,286,15,0.8725196744406711,52,249.1316578023824
C342,68,17,0.41736556382670903,0.24498505947180452,890.9594938281324,1,8.73542205214771,0.46464970465420846,33,293,188,10,0.725544713178223,241,72.69906060935094
C343,121,59,0.41203397746382486,0.38164446547690734,2220.9764096852914,6,13.690249117367523,0.2650366912167244,86,3357,123,12,0.6915648798919473,485,167.006044944765
C344,82,76,0.3564216626605598,0.15997684651194496,2151.3610582093843,11,10.42662336905852,0.4832209067373793,87,3335,14,10,0.6725491436730092,379,183.47726147070028
C345,117,53,0.5140025844850589,0.5583958453511676,3169.750871279467,4,9.704605005345309,0.011020381011027367,55,1042,54,11,0.7513348069191915,179,238.96167747726537
C346,184,67,0.7544891308736505,0.46032757264155666,1038.8227596284132,14,5.779622353177263,0.13943699224105427,12,4720,61,10,0.7531668756939345,42,82.89580420430205
C347,69,12,0.4658650143500377,0.30072281545659685,1997.8501292273638,10,6.8164231801983695,0.5200517453794066,55,5820,176,15,0.6956574077315936,499,129.43751901724215
C348,147,79,0.4874094611313081,0.179312072263189,1650.1537426233665,4,7.431444246511533,0.18236278871444936,17,6453,43,10,0.7099381761109372,422,136.3833107512484
C349,167,11,0.6856047946034542,0.540996084860818,3101.0251740386993,2,10.057915396947243,0.5239470663249085,53,5057,225,10,0.7758203281938013,207,243.06127638120245
C350,209,53,0.4175044875521513,0.5118890450505826,1266.0984032376527,4,3.509277939329241,0.3198126625448166,76,9245,58,10,0.6981727138493192,283,105.66910668246747
C351,171,11,0.8381747582541206,0.4608607763585897,3544.262526928932,11,14.812272348777565,0.7242723111750056,42,9594,221,10,0.792156162125676,255,274.2905718994833
C352,105,44,0.6121143139509326,0.23577352370562119,282.91287217680036,1,5.682990829357512,0.716506424591463,38,3481,149,10,0.603625315803944,413,25.634866120365352
C353,66,39,0.5685617641921302,0.3012233187168345,4023.1978754840043,3,4.877184863456281,0.8814399234121859,60,5939,56,14,0.8914457614031759,5,230.1568927922205
C354,111,17,0.6346921151575209,0.15137412622621169,3422.9495363281094,5,9.763642398027818,0.22896946244416133,41,2980,147,10,0.7886157753586176,257,265.62995749260585
C355,104,31,0.3996205880497173,0.19451976236376586,2618.9276324376187,0,13.02708314474936,0.14186729870581483,80,4987,66,10,0.6552398001111444,449,226.69991392139144
C356,88,53,0.6680838831835059,0.4915083186583664,2358.5786240797793,9,3.645279314883578,0.44591175372369685,78,645,187,12,0.8231652948945843,101,158.5281108786813
C357,46,67,0.5178604419804063,0.45751935942534194,1795.2905613226549,3,7.035842691359601,0.006337646975072013,17,2027,127,10,0.672010242826379,227,153.18044977091623
C358,82,45,0.8383118045787714,0.3967428814879673,3268.3017770914125,5,15.0,0.01915274183814869,22,4252,171,10,0.6774528216324923,430,277.57390504700135
C359,223,78,0.40131252400661166,0.5478633629630865,950.8531777729239,8,6.264165982981954,0.48243839138270006,53,104,45,17,0.7220559516621051,214,55.042307672034156
C360,164,40,0.6042306623192646,0.3916332589065227,2359.9580555916186,13,6.755022627303875,0.46694428505971647,29,5633,259,19,0.8409470414804241,172,112.49684213974619
C361,91,56,0.6588675776214108,0.33348399998180533,3090.249411317426,10,13.267265949176721,0.9359833708436034,97,9654,11,10,0.8559749065731345,99,227.89871673416206
C362,154,64,0.32003016107182874,0.2701853731528814,2684.3133878171748,10,3.8231282933386437,0.16640827869468955,57,5478,68,10,0.6709597930783247,293,229.24044050739008
C363,145,71,0.5182158748536841,0.5702242528680863,844.9692836938176,12,8.901694641410408,0.2247417980365201,67,6333,36,10,0.6446043287327478,216,73.8219542319334
C364,191,39,0.7395811408204997,0.14135773076217675,3110.405201455158,1,7.179506915827624,0.10937672698646496,66,2763,19,10,0.8105723887434538,62,237.3318122806892
C365,220,64,0.792226504469384,0.5654436860304042,3937.8608177472274,10,6.3040046323194785,0.8916164436495005,70,9565,105,10,0.907045428103848,48,279.86735460659133
C366,123,25,0.4878971968903694,0.5133573299655092,244.6032890181831,6,5.842351235607991,0.7628473407574465,17,3426,210,22,0.7492876996015826,33,11.385195440076265
C367,128,21,0.7791559634296508,0.16496496226785065,3582.2203558310694,5,4.2580036437464415,0.6903363803392253,6,3759,28,12,0.8064917682494563,268,244.05535249110477
C368,154,26,0.8806535262620334,0.38249217883762676,109.56773973791513,1,7.403357024056405,0.7252865783466363,39,1231,44,10,0.6393560453333416,328,9.616637414326343
C369,174,25,0.8141243616450564,0.5332739908745434,1495.0484192396261,7,3.361284441716517,0.461785759865016,69,4863,222,17,0.7415935146610103,201,84.91172820337324
C370,47,21,0.37058639289559514,0.3859045818035769,51.43102976097377,6,13.94010537767826,0.33021193089740336,85,6837,101,18,0.5245431612713374,447,3.561267433144104
C371,178,17,0.7438381992513244,0.5535999107803111,378.28034896560786,10,7.285177754319883,0.3250284056562147,64,5192,54,16,0.6782632471571797,28,23.86293786955515
C372,132,12,0.49180009946432685,0.5714919084080212,3007.461777271446,4,9.470148617754042,0.4390180232756166,67,6122,68,11,0.6979021110305337,425,237.2390938054861
C373,176,25,0.893049593647246,0.3111922610921529,1447.7041326859662,11,14.538573311226461,0.39146234593110957,48,3259,95,12,0.6872490469726409,231,109.28552747876032
C374,206,39,0.5912153898959323,0.28865683070316184,1681.665306282488,4,11.596798958532544,0.3809801842904752,51,6259,163,10,0.7311654908415686,261,136.59132901239607
C375,63,32,0.37346033901536463,0.5681605769845784,828.7515404800478,6,3.2590769606820267,0.7747022777063485,28,7418,113,10,0.7242261212473435,289,67.69595306753025
C376,233,14,0.7351113288164346,0.437570030574834,2598.1359881602275,8,14.910571295691092,0.8881919720066538,20,8545,127,10,0.8355404331689137,163,194.53817523109208
C377,123,74,0.49380671903172835,0.15801134067408465,1961.0913785317334,10,6.786284871337501,0.5929738489698182,89,5407,184,10,0.7166386371323354,426,161.1893062309859
C378,239,39,0.8982468942489972,0.1211458746113406,1655.693961776091,14,3.952090614303015,0.6939729500941771,77,8620,105,10,0.772485877944114,139,130.11491840295355
C379,201,30,0.8878694747127132,0.38231452549863154,1583.0500118524837,8,12.234163312939444,0.655190663163688,8,3144,165,10,0.8120101094133374,63,120.65836996944644
C380,132,79,0.6936804108123484,0.5650854827192123,3946.0857246185724,8,9.047287270595993,0.15259583125233675,46,9712,108,10,0.7582430859912517,136,313.61870917890417
C381,201,31,0.37789586937103053,0.5221243512029092,1720.3398354236012,5,8.152043410338436,0.05455739698462219,75,5736,282,10,0.7950582165992433,129,132.83880318068833
C382,189,41,0.7121165986050175,0.4379238732321682,1526.309291559265,9,7.151355667138168,0.493059545978646,41,2992,47,11,0.6692869149114805,477,123.46626944799745
C383,113,42,0.3558182918760163,0.16955792444554377,1408.1519910825507,5,9.149193496466657,0.7252810380212737,50,5388,92,10,0.8187890338817988,9,106.77613741886493
C384,151,25,0.3176184954614354,0.2271156918743478,2906.0015860686335,2,6.873613094086543,0.03776666137990719,55,5912,186,10,0.7682890524192618,327,229.12770401395758
C385,86,47,0.7937750677328916,0.537755613276308,1250.0706191243282,0,15.0,0.6697223151451067,50,754,54,18,0.6487641782411232,464,74.95436906875769
C386,196,23,0.4258517686102088,0.19140361832845024,2436.7687448917477,6,5.05417126258361,0.08763382526163585,69,5581,216,17,0.7604223335142746,65,135.92593981776756
C387,68,45,0.5274162757314584,0.2392197041252173,962.7150599110336,3,14.699021765544035,0.23433530723932222,19,859,126,10,0.6536995859846985,301,83.44590494841367
C388,56,32,0.8840744339857041,0.16480032559772098,4882.890386899814,0,9.328382758904537,0.6667304195847674,87,6882,77,10,0.8897351123031537,15,351.3540345690475
C389,131,75,0.5021043011166619,0.43805411570720554,1275.8407522965927,14,13.395596241640137,0.15394065569079,26,1898,265,10,0.7510659901768162,157,101.98029219196303
C390,216,11,0.4778938687699892,0.5719911526816048,3730.3686242374347,7,11.42731858747498,0.05408324182639887,37,5259,264,10,0.8431030852519039,41,277.7425400327921
C391,99,74,0.8509247997736653,0.23448401579769299,1488.4946546708552,11,12.576074524830036,0.25569287029047477,71,8546,182,10,0.7644171069636801,380,117.72180607752657
C392,53,76,0.3664490671913749,0.3377033039250369,644.7704127039455,5,8.092247003041736,0.5504557249360065,64,5362,216,10,0.5730007336795295,469,60.09039812050281
C393,167,61,0.7557494460687791,0.4171698698556021,2706.9992932628925,5,6.655890570060489,0.3134507184856251,53,3923,182,10,0.7340944176697549,404,219.3510686462961
C394,106,71,0.8928393399916645,0.5997331241078153,1379.7710613341937,1,5.607252422776098,0.56817804146779,23,1976,18,10,0.7405873102630962,217,111.21918223084035
C395,44,32,0.8407776064647894,0.15240403249878606,3358.5806372881325,14,14.261728014720545,0.4823964149876656,46,6254,116,20,0.7602702168472069,280,166.22189693809827
C396,156,35,0.6910007512238556,0.34928539975285455,2984.2705714896306,0,14.405027621283093,0.016421194731531173,70,7887,77,10,0.669240193439988,435,255.23161008600758
C397,51,77,0.4884364769956392,0.29256005995125,2817.350317576279,12,9.45090275794757,0.7329855615368968,82,4616,158,10,0.7160981399793407,431,231.67129567553985
C398,120,64,0.45259318870699006,0.5329100826111776,128.45864324773638,13,5.071961378259521,0.03303454216680238,85,3834,87,17,0.6049275028944349,338,8.404906894466277
C399,79,15,0.7915530629228767,0.33798386550582793,3192.2691496792377,13,7.915171059274093,0.8304872390001629,62,9536,55,19,0.8412579552682734,237,152.12944089114006
C400,79,44,0.8278931483710172,0.15548876229257405,1715.9166939854938,1,10.881124222417123,0.4814341874296704,56,6072,178,10,0.765125709389463,208,135.63211001486786
C401,210,31,0.6152609475274158,0.41721207264329185,3626.3175784846662,3,8.756940407036982,0.840399680128517,54,6739,217,10,0.8711708923002843,213,264.4686813910653
C402,122,52,0.44660396447187967,0.4853903091319399,2435.753125932554,1,13.324825219737853,0.09440150813502896,59,5456,186,11,0.6798948892114893,296,195.19060969233936
C403,75,24,0.36776592504670413,0.1014406258328073,2641.3675293037713,0,15.0,0.35566902423494434,98,6480,217,10,0.6617770786633278,458,227.35579637556398
C404,184,69,0.3523076806990987,0.5294783427103148,1995.1243363549777,6,5.4907291738837545,0.14392561868466744,61,1108,250,12,0.6667205116625076,252,153.46347519021367
C405,99,21,0.7314464684123134,0.19301150000283282,1628.9478972695026,10,9.931372479221736,0.03601952232086812,29,4414,221,10,0.6206346020164041,489,145.35941459762793
C406,68,58,0.552071236708635,0.3760346823266889,441.2083833002551,10,9.550686516553853,0.4370967604008185,92,9802,31,10,0.6110837629577509,487,39.70973188607672
C407,83,51,0.8432159245667223,0.30789875034372505,2968.003467214588,14,7.172831783451792,0.1699326935760847,21,2608,76,13,0.7422939369692874,304,202.59656623964887
C408,147,47,0.7438027804360583,0.4598269083052652,1509.0436714862235,11,5.97804732858621,0.46403331704467554,74,4858,251,13,0.7178367188582522,351,105.2928123192547
C409,96,54,0.414756250748752,0.28558080739287095,1961.6281765514946,7,3.9321538269908203,0.0941925106197609,83,2782,248,10,0.6794559753940692,270,166.31635410521304
C410,132,44,0.6682664512894194,0.5348815883408554,3293.18531803446,5,14.33816234635297,0.291868667369793,28,7411,268,10,0.8091372344487562,202,251.5538655060205
C411,143,39,0.5613032726388956,0.4652481804793951,2608.147086496486,3,8.103323651084454,0.705975538907011,40,1089,127,10,0.8252299246479262,162,196.80713799074468
C412,111,39,0.6463498384611679,0.42385658553146077,971.606703491992,13,8.631986429879394,0.42575299552602686,41,8546,151,10,0.8016248766838227,44,74.64567717600598
C413,93,15,0.7428414740031104,0.4981202977814272,2438.153139494765,5,14.789986105569822,0.5458491693866818,97,4811,254,10,0.7281019249031235,218,198.53019444514706
C414,87,76,0.7837175286022746,0.4770115174641911,1383.4128338153212,2,13.698990636565036,0.49136737907883415,64,6579,140,10,0.7050272499592871,402,114.80344812634411
C415,120,16,0.8062423958440346,0.11796933746077667,1990.5228699769234,11,4.45803947961558,0.7473742072993663,30,7064,257,11,0.7629188115389874,191,148.63403352719487
C416,62,61,0.45238492474321484,0.2973671769224141,107.22451703686708,7,10.588936532808466,0.2645613855058484,29,8175,52,10,0.5599947335716009,310,10.115570732656309
C417,82,23,0.3186693599504146,0.5654036486582449,832.7462492763327,9,8.787355747058879,0.5802757926172638,17,4552,20,10,0.7350588211800968,260,67.42563471435676
C418,40,24,0.7435768410988639,0.16286213449611311,1287.5763157363897,13,12.78458562689065,0.9009126047977604,16,8547,212,10,0.8164154478562425,106,97.80926817846017
C419,52,30,0.36380623575346477,0.4685482752160256,3413.6244618896435,12,11.627447968654739,0.7069750597761243,37,1107,241,17,0.8390658307010681,54,177.20117075094913
C420,138,44,0.4889517531677806,0.5872959056676649,40.224509293654144,12,12.534392621316881,0.3753055776536949,13,6596,145,16,0.5058176637339661,390,3.0721954838197068
C421,155,75,0.30229028047460826,0.12609931452248582,2042.8386691418384,1,6.431090877270724,0.6303382556475453,86,7788,163,10,0.8014084882010203,2,156.9713650758281
C422,188,11,0.7090016894409721,0.44109694031330526,2986.9335689946047,4,14.232063565330588,0.5435705783762159,88,4008,159,10,0.7624556055388305,442,236.59711722851014
C423,74,44,0.4002792068827328,0.3340770706505152,343.8099520880186,0,4.612950570188105,0.4348507642523215,78,2903,89,10,0.58809797425574,483,31.597334084109924
C424,181,29,0.693169445814995,0.3895876276873611,2481.164498413424,5,4.271516504189317,0.016184562070399002,55,4479,193,10,0.8274804713909003,50,186.90779652778795
C425,80,19,0.8950455703007034,0.14267066824216243,2611.900469146511,1,8.042461266147722,0.14570931199727738,21,198,167,10,0.6799436853470237,420,221.35806153989003
C426,49,34,0.3436025229660098,0.12150347593346975,4410.495873624971,3,3.3191380164657867,0.7714877819185297,66,8488,222,14,0.8593021371204791,81,258.98040686617503
C427,72,75,0.3462468071708764,0.4334333302754608,3120.5107967316962,5,5.876568894524137,0.23904741122086584,55,977,261,12,0.753882025551021,206,222.15442050653945
C428,122,34,0.5042280556000049,0.511654714910359,3504.9062606065363,9,12.928235324063117,0.7166083447725096,18,1968,105,11,0.8987546135110349,35,235.44507932443355
C429,155,63,0.8198319085508052,0.4910076674664836,3261.3694961634014,10,15.0,0.3132819687836425,56,2765,119,10,0.7463295071376956,264,261.6779493292605
C430,134,42,0.4293179212747991,0.37190286393311867,1467.7313835339166,7,7.671253470755859,0.3879096138552728,43,1488,190,10,0.7020115083217134,428,122.10626715073715
C431,174,45,0.5162266919582086,0.1499334105680891,2847.2392188838453,11,6.905639319590368,0.0530164494783806,97,2515,27,20,0.6972785788076357,367,150.28521084408663
C432,57,23,0.34110324397618774,0.4440222219180069,37.83684136792226,7,6.0033339381213855,0.1713108159261483,34,8861,205,10,0.516421041761959,92,3.7225558910441636
C433,197,74,0.7578931747553337,0.22094444177707298,3366.6429902447503,10,6.969065570430709,0.7621129330785409,0,2737,239,21,0.7652194527773732,340,159.78668938791873
C434,89,63,0.5449838056556707,0.5555343513836918,1376.4614166041204,5,4.3628839515839815,0.6370106190098055,51,7342,257,15,0.6500549194227336,474,93.31420645212559
C435,163,61,0.7555492398365058,0.5191326797728525,2651.9951959542386,3,14.25832933597174,0.6318833439050118,84,9357,270,14,0.8467652146597558,53,157.34442912972125
C436,47,12,0.8421647066080771,0.4546914835436955,922.5079094178443,7,6.160841371476393,0.3643074915151485,92,8713,62,10,0.6455213642305521,346,80.53170706575987
C437,55,50,0.43965788826077323,0.5744229779155652,2927.1732195740874,12,8.518169195523194,0.5685061939026352,69,2983,37,17,0.8098748418801793,265,155.9672386362222
C438,139,15,0.7844376182039708,0.11571091075563647,309.8990478136051,7,3.0918613393600354,0.5289799806741158,36,1304,245,17,0.6660876618847364,242,18.98485207689367
C439,191,34,0.33545633404695197,0.46810021253038103,4317.8370519616,9,13.205520390312577,0.5641086608213296,64,644,101,13,0.8721249472418084,14,264.2879386217518
C440,132,22,0.8393084329081484,0.26512138966820264,3095.194385810841,13,12.767570528014124,0.047970191520646625,50,1323,256,11,0.7477075521745183,316,234.04500236490117
C441,64,17,0.6904611285352484,0.5530329428431826,1004.8236490775531,0,14.660533868079785,0.5993236749471507,0,3272,275,10,0.8106609779511891,89,76.66541279410657
C442,74,30,0.824536034483011,0.2333375983309888,2791.408657296687,3,13.712103433962005,0.5900190081488985,90,9059,95,10,0.7437647032987323,388,224.43221373731456
C443,144,77,0.30011303973394915,0.4624282496575085,3071.5320631111827,3,7.172373033430356,0.8309247658370132,20,6550,154,10,0.779756450407106,274,240.0091097125622
C444,61,34,0.4014486422135955,0.5388235098253907,2740.7687455743553,6,5.887684324792152,0.009972917485699211,52,6620,284,10,0.7102236324956827,167,226.46795782052558
C445,203,77,0.5338556324558953,0.12082840919134122,1377.0220933816868,13,12.384941256709842,0.5861873454834811,15,754,83,20,0.7043892095314873,329,72.14153720669533
C446,142,54,0.5277017420248311,0.2988237897960181,822.5546505917606,13,8.705409962912043,0.40265884893768245,60,6921,83,10,0.6156203203889778,493,73.73069812003466
C447,72,69,0.43603822975410644,0.48115451601096937,1035.118675677891,10,9.897869353080608,0.3990844456632123,53,2546,44,20,0.7566567354276071,135,51.41368647566808
C448,82,21,0.5289671639203201,0.3274594447537935,1202.8001778526966,6,3.307800029155736,0.10410135287667781,39,5992,226,15,0.6756129518976025,307,79.4756665417122
C449,190,41,0.3773092272001529,0.23362631489679767,2779.5427218973955,12,4.7283618172369595,0.29103252057190593,25,8512,92,12,0.7129088160829423,481,205.05806269297452
C450,59,22,0.5476566775596157,0.20990267441159502,289.6222148836966,10,10.238340349589922,0.28641346272206086,79,3766,103,12,0.6040516197699659,320,23.64529458749902
C451,124,40,0.7814125974955586,0.16575913345818896,3337.2167405078067,14,10.33287929961773,0.2585888090056955,91,4377,166,16,0.7687359071471666,244,192.90521606155713
C452,173,29,0.5874420378620108,0.5285647799281411,1669.562022050116,7,11.98532114370293,0.707151667615154,64,4502,166,15,0.8625715986348499,55,93.07105592428668
C453,82,27,0.31080005336712896,0.38767770162577797,1849.456091538645,10,5.170458974750781,0.5478016550160146,99,2669,21,18,0.7370059353548319,364,101.25069934740765
C454,79,69,0.5528664249475485,0.138192472495728,3813.4098877146644,4,8.87178089044133,0.5713140762219663,73,5615,231,10,0.8586315583236799,51,280.6802082839709
C455,159,72,0.3163050096545065,0.29129016178531775,2805.62060184885,6,6.355474688233194,0.681331453657033,63,9305,74,12,0.7131375077703421,457,206.9400362564981
C456,61,15,0.8797460464240789,0.2838668254025549,1484.02216383606,7,3.9089443438941895,0.3132563904849815,42,4085,249,10,0.7343318065792287,175,120.22878742376507
C457,60,41,0.3764723756537214,0.1908695953547315,1485.8347408598452,14,9.120012457055747,0.17857636920455036,16,8267,91,15,0.6356366379017097,446,102.2277803556705
C458,115,52,0.7246129957983714,0.3177538127360954,1759.0749561428975,8,4.880891455217864,0.5813748204076595,58,7548,216,10,0.7629002738794103,190,139.28850856444308
C459,146,11,0.8836657937352517,0.26604968269656826,40.506853899210974,2,6.87114166840395,0.13952842513081867,22,4410,89,13,0.4776374744065585,497,3.613686873633838
C460,116,69,0.7956234309999433,0.27090185274609124,1258.5040647209555,2,6.877708536299514,0.27959549825959673,6,3119,36,10,0.7314811215810034,188,102.19434489627086
C461,147,32,0.7195892250757223,0.4695132788939793,1985.3797253020114,3,6.0494039190803885,0.20178211199513202,43,3781,221,10,0.7205890035778617,170,162.6575136661358
C462,183,40,0.8036765457004602,0.21163169275259816,1960.4647238225668,4,3.3711517961370223,0.06674220082811662,52,9735,221,10,0.8360326689712516,59,146.737783390591
C463,157,14,0.8890792159563767,0.42092997942767774,3471.025320975457,9,3.361295952715208,0.803619018430155,70,4296,227,11,0.8843145533143659,49,235.68390615888222
C464,134,43,0.6728066983521178,0.3853248119404674,1393.912762106753,0,5.890999913074246,0.2018980899567004,78,672,47,10,0.6478450028740886,345,121.43736816526058
C465,79,19,0.6355108840975959,0.3840462561689336,1986.3609452981445,14,3.5991532110090763,0.40619696429355584,33,9624,137,18,0.744365986894581,236,107.96268554773206
C466,140,11,0.6769428662779688,0.431503673070888,1714.5848432748464,14,11.153961295880213,0.03675287915005146,45,4853,48,22,0.7186143964464071,253,82.3942653832477
C467,54,20,0.619605532056933,0.37419101809782696,3641.048481060608,6,5.819415651289073,0.6905101303059664,67,7182,172,13,0.9274131233724718,22,213.4714685573508
C468,180,59,0.6810534635458313,0.5396275574231923,3232.35798521822,8,6.891206599033995,0.26835723854564814,77,4102,273,17,0.7152793633541241,314,188.36860328628288
C469,129,40,0.5699053247835355,0.43779004597512994,1681.2359113814243,7,8.155657183808382,0.5392252099492857,77,5729,60,11,0.7215187254339794,460,129.95857786441124
C470,111,65,0.43106590972998426,0.3734816256856941,3441.09542959933,14,11.257634129856642,0.3727330265952057,15,8517,32,10,0.8481106485663968,161,255.2531895848941
C471,73,18,0.37214833590700536,0.5148815601438225,1156.1719275750236,14,14.424452884135077,0.1632735137996412,70,4300,77,12,0.6787990105219386,277,87.95132758382523
C472,183,30,0.34100456131935625,0.4030732824667399,1745.9144088226387,4,13.643681225427708,0.37649979483657986,95,2097,125,10,0.677670996256275,444,148.25145684769055
C473,142,37,0.45798947025192005,0.2455721238925895,1462.4200359243105,13,12.223411055050482,0.11551876551474378,18,9063,92,13,0.7005460495798714,192,103.66554263023443
C474,48,71,0.3276741386014403,0.20354745908828561,1432.2619184210118,13,9.84017158515573,0.3385706769765401,1,7522,149,16,0.6839730503847163,386,89.83320709652202
C475,197,16,0.6403024679516314,0.1761638928313394,2802.16479421603,3,12.193820937971141,0.2614113863077395,9,4624,179,10,0.7454383000564616,294,224.99426861121862
C476,62,25,0.4702970682141122,0.5497276062730508,2948.9663007548993,11,10.841221405679066,0.6855231263192032,49,8725,122,10,0.7668434306176058,414,232.78064435454604
C477,97,13,0.7947208848522194,0.45506771589903294,441.0881872650743,6,6.186006365422871,0.04836446227169774,80,3507,70,10,0.6508114999443844,344,38.32844799399301
C478,205,13,0.34454452379303185,0.5686892190821604,2519.769785627416,4,5.741708900874141,0.5867854649523299,11,6831,14,10,0.7554087499238188,258,200.71309729044995
C479,211,49,0.4358108966048916,0.4016459028574715,2192.3952801518953,6,7.087565027254437,0.14891107032162612,69,7895,125,10,0.6612182263710945,309,188.8013148918026
C480,105,26,0.7381476882540876,0.3367004407474563,522.1346883793756,11,14.437629111385128,0.2904652851084901,21,9157,60,10,0.7039442058909131,150,43.36867820157815
C481,148,61,0.6592849778300949,0.12985824448544467,949.7717670700141,0,9.637435009104772,0.3830390160491991,31,2893,73,10,0.7576854015415904,131,75.5174359109078
C482,232,61,0.3386947627495005,0.4358211407730149,1367.3961227546654,0,12.145980321865986,0.8255840602192902,83,7434,88,10,0.8044457951800624,152,104.82582931442647
C483,146,45,0.8263436742973203,0.3911043798841156,595.0552816435502,9,7.944141633126141,0.190222195420216,0,3011,89,10,0.6304486242605114,360,52.638861145309335
C484,68,47,0.8263570576957078,0.5951044467938107,1122.6333708099025,13,7.697098605822277,0.08587419044932612,53,8052,10,23,0.7468815329100095,100,50.61860572134006
C485,194,59,0.4982448023254643,0.21957938889112152,939.5300300743257,12,5.123334486212124,0.2474155362443464,57,2515,197,23,0.7101822197701965,373,44.03869955344308
C486,188,72,0.5042435060097388,0.36536867764341796,1561.9385705217649,2,4.575531846471294,0.09920093480211167,69,350,156,10,0.7764754691850893,88,122.36338325552916
C487,52,72,0.8934170150101044,0.4254786675590363,2371.476287511093,13,14.591306555425264,0.09318735335337833,82,5051,101,10,0.6635808391945213,459,203.8084684475147
C488,212,71,0.675705702955883,0.4222955873711718,2103.438882338756,10,10.925547502536629,0.46000047933869875,17,8198,30,10,0.7213472947582382,331,172.2228305876851
C489,117,16,0.6187899123408356,0.38064677147420134,4085.3257646279803,1,7.2456374873513685,0.05306645393118176,5,5389,211,10,0.7681682914260671,215,322.1438189433039
C490,134,36,0.8028913101311548,0.48846400516361277,1299.4289601816577,1,14.304801187883982,0.022265275744627094,44,8202,67,10,0.6844535655851639,467,109.70704111475163
C491,47,23,0.47117420301438984,0.20249060476340822,3403.9457309665754,6,5.689728713173539,0.6624436968945878,96,7357,212,16,0.8349616442772207,122,185.40629157100827
C492,117,14,0.5575095560378142,0.46281360013720796,2614.4823830767755,11,15.0,0.25315296638873114,22,5665,234,12,0.6797446933526125,500,198.71513545721888
C493,130,64,0.4606660052930005,0.4098672857165446,3340.781206349321,9,6.56278922134149,0.12386783000460827,22,6537,125,14,0.8122897592871714,21,204.05385113459374
C494,225,11,0.773496507953239,0.5480375558972866,1749.4802338029758,1,7.138549417994015,0.2249479206062262,25,9210,120,10,0.7836013931252033,189,136.2946661769734
C495,108,71,0.6440096073811308,0.5235972195167908,3553.755760544144,10,6.339423910253721,0.6146788067379579,76,1273,242,10,0.9127092460121087,72,251.55606297445325
C496,133,30,0.6952950420840424,0.2575735195662766,932.5364351100852,3,4.012299406414541,0.2579773229823761,6,8724,111,10,0.7586527469612804,107,74.09004885274942
C497,131,30,0.45138434990364396,0.23811866248757654,1283.822464991129,1,4.526947243973476,0.41424815691448996,78,935,253,10,0.7274813115283955,271,104.58998055070838
C498,174,19,0.4321351808263891,0.5908266619262239,1971.2422376128973,5,11.82015502810192,0.09623440487844666,43,2362,51,10,0.6995618184889132,349,164.33019184422434
C499,90,67,0.5930247773897632,0.3636325904576283,1874.1047019822104,7,15.0,0.4342935981114373,26,9189,205,10,0.6251880231726057,436,166.5592472889946
C500,181,48,0.742539449455696,0.5532104819572184,102.55345708162831,9,12.685584268802296,0.2966949641526751,25,4667,32,18,0.6567428370199767,103,6.096617016357309
